Espinoza-Wade,0,1,,,,
"Nichols, Guzman and Trujillo",0,1,,,,
"Keller, Brown and Morris",,1,,,,
"Barnes, Delgado and Evans",0,1,,,,
Montoya Ltd,0,1,,,,
Wilson-Williams,0,1,,,,
"Johnson, Jimenez and Schultz",0,1,,,,
Guerrero Inc,0,1,,,,
Smith-Short,0,1,,,,
Chapman-Hull,0,1,,,,
Stokes LLC,0,1,,,,
"Davidson, Ray and Watkins",0,1,,,,
"Gonzalez, Snyder and Hernandez",0,1,,,,
Whitehead Group,0,1,,,,
Henderson-Mcintosh,0,1,,,,
"Gonzales, Mitchell and Edwards",0,1,,,,
Schmitt-Kim,0,1,,,,
"Durham, Johnson and Gibbs",0,1,,,,
Martinez LLC,0,1,,,,
Schwartz LLC,0,1,,,,
Rowe-Frye,0,1,,,,
"Gay, Wilson and Mcmillan",0,1,,,,
Costa-Brown,0,1,,,,
Williams LLC,0,1,,,,
"Smith, Tran and Lawson",0,1,,,,
Murphy LLC,0,1,,,,
Alvarado-Nelson,0,1,,,,
Hall LLC,0,1,,,,
"Chen, Miller and Davila",0,1,,,,
"Potts, Smith and Spears",0,1,,,,
"Smith, Reeves and James",0,1,,,,
Freeman-Dixon,0,1,,,,
Martin-Walker,0,1,,,,
"Williams, Scott and Wade",0,1,,,,
Hamilton PLC,0,1,,,,
"White, Mcdaniel and Woods",0,1,,,,
"Kelly, Phillips and Gill",0,1,,,,
Mclaughlin-Jarvis,0,1,,,,
Good Inc,0,1,,,,
Lara Group,0,1,,,,
Miller-Johnston,0,1,,,,
"Phillips, Conley and Cross",0,1,,,,
Glenn-Hicks,0,1,,,,
Garza-Estrada,0,1,,,,
"Garcia, Wilson and Ferguson",0,1,,,,
"Bennett, Bernard and Rogers",0,1,,,,
Cox and Sons,0,1,,,,
"Nichols, Torres and Pena",0,1,,,,
Washington Inc,0,1,,,,
Jones Inc,0,1,,,,
